#link,child_link,link_rpy,link_xyz,link_size,link_color,link_mass,link_ixx,link_ixy,link_ixz,link_iyy,link_iyz,link_izz,joint_type1,joint_rpy1,joint_xyz1,joint_axis1,joint_effort1,joint_lower1,joint_upper1,joint_velocity1,joint_type2,joint_rpy2,joint_xyz2,joint_axis2,joint_effort2,joint_lower2,joint_upper2,joint_velocity2,joint_type3,joint_rpy3,joint_xyz4,joint_axis4,joint_effort4,joint_lower4,joint_upper4,joint_velocity4
world,base_link,0 0 0,0 0 0,0 0 0,blue,0,0,0,0,0,0,0,fixed,0 0 0,0 0 0,0 0 0,,,,,,,,,,,,,,,,,,,,
base_link,Link1,0 0 0,0 0 0.02,0.08 0.08 0.04,blue,0.05,0.0003,0,0,0.0003,0,0.0003,fixed,0 0 0,0 0 0,0 0 0,,,,,,,,,,,,,,,,,,,,
Link1,Link2,0 0 0,0 0 0.06578,0.05 0.05 0.13156,red,0.05,0.0002,0,0,0.0002,0,0.0002,revolute,0 0 0,0 0 0.13156,0 0 1,30,-2.7925,2.7925,1.571,,,,,,,,,,,,,,,,
Link2,Link3,0 0 0,0 0 0.03521,0.05 0.05 0.07042,red,0.05,0.0002,0,0,0.0002,0,0.0002,revolute,0 0 0,0 0 0.07042,0 1 0,30,-2.8798,2.8798,1.571,,,,,,,,,,,,,,,,
Link3,Link4,0 0 0,0 0 0.0552,0.045 0.045 0.1104,blue,0.25,0.0005,0,0,0.0005,0,0.0005,revolute,0 0 0,0 0 0.1104,0 1 0,30,-2.8798,2.8798,1.571,,,,,,,,,,,,,,,,
Link4,Link5,0 0 0,0 0 0.048,0.045 0.045 0.096,green,0.2,0.0005,0,0,0.0005,0,0.0005,revolute,0 0 0,0 0 0.096,0 1 0,30,-2.8798,2.8798,1.571,,,,,,,,,,,,,,,,
Link5,Link6,0 0 0,0 0 0.03659,0.045 0.045 0.07318,red,0.15,0.0003,0,0,0.0003,0,0.0003,revolute,0 0 0,0 0 0.07318,0 0 1,30,-2.8798,2.8798,1.571,,,,,,,,,,,,,,,,
Link6,Link7,0 0 0,0.033195 0 0,0.06639 0.045 0.045,green,0.1,0.0003,0,0,0.0003,0,0.0003,revolute,0 0 0,0.06639 0 0,1 0 0,30,-3.0543,3.0543,1.571,,,,,,,,,,,,,,,,
Link7,0,0 0 0,0.0218 0 0,0.0436 0.035 0.035,blue,0.05,0.0001,0,0,0.0001,0,0.0001,0,,,,,,,,,,,,,,,,,,,,,,
